,Accuracy,Precision,Recall,F1-Score
RNN,0.5183673469387755,0.5054347826086957,0.775,0.6118421052631579
GRU,0.5102040816326531,0.0,0.0,0.0
LSTM,0.5102040816326531,0.0,0.0,0.0
BiLSTM,0.5469387755102041,0.576271186440678,0.2833333333333333,0.37988826815642457
mBERT,0.6,0.6833333333333333,0.3416666666666667,0.45555555555555555
XLM-RoBERTa,0.5469387755102041,0.7647058823529411,0.10833333333333334,0.1897810218978102
