,Accuracy,Precision,Recall,F1-Score
RNN,0.5306122448979592,0.5135135135135135,0.7916666666666666,0.6229508196721312
GRU,0.5510204081632653,0.5543478260869565,0.425,0.4811320754716981
LSTM,0.5673469387755102,0.5921052631578947,0.375,0.45918367346938777
BiLSTM,0.5714285714285714,0.5547445255474452,0.6333333333333333,0.5914396887159533
mBERT,0.6775510204081633,0.847457627118644,0.4166666666666667,0.5586592178770949
XLM-RoBERTa,0.7142857142857143,0.7049180327868853,0.7166666666666667,0.7107438016528925
