,Accuracy,Precision,Recall,F1-Score
RNN,0.49387755102040815,0.4852941176470588,0.55,0.515625
GRU,0.5673469387755102,0.5636363636363636,0.5166666666666667,0.5391304347826087
LSTM,0.4897959183673469,0.4897959183673469,1.0,0.6575342465753424
BiLSTM,0.5673469387755102,0.5546875,0.5916666666666667,0.5725806451612904
mBERT,0.7061224489795919,0.6714285714285714,0.7833333333333333,0.7230769230769231
XLM-RoBERTa,0.6979591836734694,0.6419753086419753,0.8666666666666667,0.7375886524822695
