Model,BLEU Score,Final Val Loss,Total Training Time (s),Avg Time per Epoch (s)
Random Embeddings,49.99999999999999,6.577218953483656,1287.7110757827759,64.38539434671402
GloVe Embeddings,42.7287006396234,7.098730343560831,1871.3474056720734,93.56720135211944
