,Accuracy,Precision,Recall,F-score
LSTM (without embeddings),0.5836734693877551,0.5803571428571429,0.5416666666666666,0.5603448275862069
LSTM with Word2Vec,0.4775510204081633,0.4411764705882353,0.25,0.3191489361702128
LSTM with Glove,0.4897959183673469,0.4897959183673469,1.0,0.6575342465753424
LSTM with Fasttext,0.5224489795918368,1.0,0.025,0.04878048780487805
LSTM with Elmo,0.5428571428571428,0.6428571428571429,0.15,0.24324324324324326
