,Accuracy,Precision,Recall,F-score
LSTM (without embeddings),0.5959183673469388,0.5963302752293578,0.5416666666666666,0.5676855895196506
LSTM with Word2Vec,0.4897959183673469,0.4897959183673469,1.0,0.6575342465753424
LSTM with Glove,0.4897959183673469,0.4897959183673469,1.0,0.6575342465753424
LSTM with Fasttext,0.4897959183673469,0.4897959183673469,1.0,0.6575342465753424
LSTM with Elmo,0.5428571428571428,0.5363636363636364,0.49166666666666664,0.5130434782608696
