Embedding,F-score,Accuracy,Precision,Recall
None (Random),0.6388888888888888,0.46938775510204084,0.46938775510204084,1.0
Word2Vec,0.0,0.5306122448979592,0.0,0.0
GloVe,0.6388888888888888,0.46938775510204084,0.46938775510204084,1.0
FastText,0.6388888888888888,0.46938775510204084,0.46938775510204084,1.0
ELMo (Simulated),0.6388888888888888,0.46938775510204084,0.46938775510204084,1.0
