RNN Seq2Seq,BiRNN Seq2Seq,LSTM Seq2Seq,Transformer
18.99589214128981,23.643540225079395,18.99589214128981,21.02241038134286
