RNN Seq2Seq,BiRNN Seq2Seq,LSTM Seq2Seq,Transformer
18.99589214128981,18.99589214128981,18.99589214128981,12.70331870386537
