RNN Seq2Seq,BiRNN Seq2Seq,LSTM Seq2Seq,Transformer,mBART-50 (zero-shot)
0.0,18.99589214128981,12.70331870386537,18.99589214128981,0.0
