RNN Seq2Seq,BiRNN Seq2Seq,LSTM Seq2Seq,Transformer,mBART-50 (zero-shot)
0.0,24.274588585366175,25.848657697858535,49.99999999999999,0.0
